{"cameraMode":{"drawMode":0,"name":"Shaded","section":"Shading Mode"},"sceneLighting":false,"audioPlay":false,"sceneViewState":{"showFog":true,"showMaterialUpdate":false,"showSkybox":true,"showFlares":true,"showImageEffects":true,"showParticleSystems":true},"in2DMode":false,"pivot":{"x":11.46353530883789,"y":-30.607025146484376,"z":24.942161560058595},"rotation":{"x":-0.5467457175254822,"y":-0.05517013743519783,"z":0.03613771125674248,"w":-0.8346973061561585},"size":42.168174743652347,"orthographic":false}