{"cameraMode":{"drawMode":0,"name":"Shaded","section":"Shading Mode"},"sceneLighting":false,"audioPlay":false,"sceneViewState":{"showFog":true,"showMaterialUpdate":false,"showSkybox":true,"showFlares":true,"showImageEffects":true,"showParticleSystems":true},"in2DMode":false,"pivot":{"x":0.70068359375,"y":0.7274627685546875,"z":0.712158203125},"rotation":{"x":0.05452819541096687,"y":0.937616765499115,"z":-0.1720723956823349,"w":0.2971407175064087},"size":3.46086049079895,"orthographic":true}