{"cameraMode":{"drawMode":0,"name":"Shaded","section":"Shading Mode"},"sceneLighting":false,"audioPlay":false,"sceneViewState":{"showFog":true,"showMaterialUpdate":false,"showSkybox":true,"showFlares":true,"showImageEffects":true,"showParticleSystems":true},"in2DMode":false,"pivot":{"x":-0.004018646664917469,"y":1.0024101734161378,"z":-0.1339235156774521},"rotation":{"x":0.7196382880210877,"y":0.010413634590804577,"z":-0.010795262642204762,"w":0.6941871643066406},"size":3.7225708961486818,"orthographic":false}