{"cameraMode":{"drawMode":0,"name":"Shaded","section":"Shading Mode"},"sceneLighting":false,"audioPlay":false,"sceneViewState":{"showFog":true,"showMaterialUpdate":false,"showSkybox":true,"showFlares":true,"showImageEffects":true,"showParticleSystems":true},"in2DMode":false,"pivot":{"x":-0.099700927734375,"y":-0.04052734375,"z":-0.6259765625},"rotation":{"x":0.6822015047073364,"y":-0.01206179428845644,"z":0.011257033795118332,"w":0.7309780120849609},"size":3.4497361183166506,"orthographic":true}