{"cameraMode":{"drawMode":0,"name":"Shaded","section":"Shading Mode"},"sceneLighting":false,"audioPlay":false,"sceneViewState":{"showFog":true,"showMaterialUpdate":false,"showSkybox":true,"showFlares":true,"showImageEffects":true,"showParticleSystems":true},"in2DMode":false,"pivot":{"x":-0.9746465682983398,"y":13.0,"z":11.370745658874512},"rotation":{"x":-0.20447413623332978,"y":-0.20957554876804353,"z":0.04486629366874695,"w":-0.9551206827163696},"size":50.79872131347656,"orthographic":true}